image,ice_pixels,valid_pixels,ice_area_km2,ice_fraction
Samudra_Tapu_2018_Scientific.tif,1862495,1882240,186.2495,0.9895
Samudra_Tapu_2019_Scientific.tif,1653296,1882556,165.3296,0.8782
Samudra_Tapu_2020_Scientific.tif,1035149,1882048,103.5149,0.55
Samudra_Tapu_2021_Scientific.tif,1823898,1880448,182.3898,0.9699
Samudra_Tapu_2022_Scientific.tif,1839629,1881031,183.9629,0.978
Samudra_Tapu_2023_Scientific.tif,1624213,1882554,162.4213,0.8628
Samudra_Tapu_2024_Scientific.tif,953171,1835181,95.3171,0.5194
Samudra_Tapu_2025_Scientific.tif,1715082,1882403,171.5082,0.9111
Samudra_Tapu_2026_Scientific.tif,861957,1834899,86.1957,0.4698
